,City,Cloudiness,Country,Date,Humidity,Lat,Lng,Max Temp,Wind Speed
0,mar del plata,0,AR,1567648654,57,-46.43,-67.52,32.37,7.85
1,hermanus,3,ZA,1567648654,60,-34.42,19.24,57.0,8.01
2,bathsheba,40,BB,1567648654,78,13.22,-59.52,82.4,13.87
3,albany,1,US,1567648551,100,42.65,-73.75,66.2,6.93
4,sibu,75,MY,1567648654,74,2.29,111.83,84.2,2.24
5,kenora,100,CA,1567648655,72,49.76,-94.48,62.6,4.7
6,virginia beach,1,US,1567648429,94,36.85,-75.98,82.99,16.89
7,pevek,83,RU,1567648655,82,69.7,170.27,41.05,6.02
8,yazykovo,0,RU,1567648655,84,54.3,47.38,47.19,0.67
9,cockburn town,18,TC,1567648655,82,21.46,-71.14,83.85,18.28
10,cape town,0,ZA,1567648655,67,-33.93,18.42,57.99,21.92
11,imeni zhelyabova,2,RU,1567648655,96,58.95,36.6,45.71,2.91
12,filingue,67,NE,1567648656,57,14.35,3.32,86.32,13.67
13,butaritari,100,KI,1567648656,71,3.07,172.79,84.72,8.43
14,carutapera,0,BR,1567648656,79,-1.2,-46.02,78.13,7.27
15,ushuaia,75,AR,1567648656,56,-54.81,-68.31,42.8,10.29
16,sheltozero,2,RU,1567648656,93,61.37,35.37,49.56,10.49
17,campos,0,PT,1567648656,67,41.97,-8.7,69.01,13.87
18,hasaki,75,JP,1567648657,78,35.73,140.83,80.6,4.7
19,tasgaon,100,IN,1567648657,85,17.04,74.6,73.92,17.18
20,castro,0,CL,1567648657,74,-42.48,-73.76,35.6,4.7
21,paso de los toros,0,UY,1567648657,80,-32.81,-56.52,35.27,7.47
22,lagoa,0,PT,1567648657,78,37.14,-8.45,77.0,4.7
23,yellowknife,75,CA,1567648657,44,62.45,-114.38,57.2,13.87
24,taltal,0,CL,1567648658,83,-25.41,-70.49,48.93,3.83
25,bluff,0,AU,1567648658,11,-23.58,149.07,86.68,4.23
26,broome,52,GB,1567648658,87,52.47,1.45,55.0,17.22
27,sioux lookout,75,CA,1567648658,76,50.1,-91.92,59.0,3.36
28,marsa matruh,0,EG,1567648658,88,31.35,27.25,73.4,9.19
29,steinbach,75,CA,1567648658,56,49.53,-96.69,69.8,10.29
30,ribeira grande,87,PT,1567648658,76,38.52,-28.7,72.15,11.07
31,talnakh,90,RU,1567648659,100,69.49,88.39,46.4,11.18
32,sao raimundo das mangabeiras,0,BR,1567648659,45,-7.02,-45.48,76.69,1.19
33,berlevag,0,NO,1567648659,75,70.86,29.09,49.56,11.23
34,victoria,75,BN,1567648406,83,5.28,115.24,84.2,2.24
35,jamestown,15,AU,1567648400,53,-33.21,138.6,64.25,11.3
36,galle,100,GN,1567648659,97,10.08,-12.83,70.51,1.59
37,hilo,90,US,1567648560,66,19.71,-155.08,84.2,5.82
38,lebu,75,ET,1567648659,87,8.96,38.73,59.0,9.17
39,calabozo,100,VE,1567648466,93,8.92,-67.43,76.11,3.29
40,saint-philippe,20,CA,1567648660,62,45.36,-73.48,61.0,11.41
41,vila franca do campo,20,PT,1567648660,68,37.72,-25.43,71.01,13.87
42,vardo,1,US,1567648660,57,39.62,-77.74,82.4,4.7
43,torbay,90,CA,1567648392,100,47.66,-52.73,64.0,11.41
44,tasiilaq,100,GL,1567648660,52,65.61,-37.64,44.6,21.92
45,airai,40,TL,1567648661,47,-8.93,125.41,82.81,6.33
46,pacific grove,1,US,1567648661,53,36.62,-121.92,80.01,11.41
47,honiara,40,SB,1567648661,70,-9.43,159.96,86.0,9.17
48,opuwo,0,NA,1567648661,69,-18.06,13.84,52.91,1.23
49,puerto ayora,67,EC,1567648661,95,-0.74,-90.35,68.0,8.97
50,abaza,100,RU,1567648662,69,52.65,90.1,51.13,2.64
51,dingle,86,PH,1567648662,63,11.0,122.67,87.45,8.34
52,ponta do sol,100,BR,1567648662,40,-20.63,-46.0,75.43,4.45
53,qaanaaq,6,GL,1567648662,53,77.48,-69.36,29.19,7.05
54,punta arenas,0,CL,1567648662,80,-53.16,-70.91,39.0,4.0
55,mahebourg,75,MU,1567648662,88,-20.41,57.7,72.0,3.36
56,boden,65,SE,1567648663,93,65.83,21.69,41.0,1.12
57,miles city,1,US,1567648598,16,46.41,-105.84,93.2,4.7
58,barrow,4,AR,1567648663,87,-38.31,-60.23,32.57,1.83
59,guerrero negro,0,MX,1567648663,83,27.97,-114.04,73.2,9.8
60,bredasdorp,49,ZA,1567648663,86,-34.53,20.04,41.0,4.56
61,rio grande,20,BR,1567648387,87,-32.03,-52.1,43.0,5.59
62,meulaboh,60,ID,1567648664,84,4.14,96.13,80.54,10.22
63,mataura,49,NZ,1567648664,73,-46.19,168.86,54.0,3.0
64,vaini,75,IN,1567648664,94,15.34,74.49,69.8,11.41
65,tautira,20,PF,1567648664,65,-17.73,-149.15,82.4,10.29
66,tazovskiy,100,RU,1567648393,88,67.47,78.7,47.33,8.55
67,narsaq,0,GL,1567648664,57,60.91,-46.05,46.4,11.41
68,natal,20,BR,1567648664,88,-5.81,-35.21,73.4,6.93
69,winslow,75,GB,1567648665,81,51.94,-0.88,55.99,13.87
70,cidreira,0,BR,1567648665,72,-30.17,-50.22,47.17,6.17
71,celestun,0,MX,1567648665,84,20.87,-90.4,82.92,16.91
72,busselton,0,AU,1567648665,45,-33.64,115.35,55.0,8.32
73,tiksi,4,RU,1567648665,76,71.64,128.87,47.91,12.66
74,baruun-urt,94,MN,1567648665,44,46.68,113.28,72.51,1.45
75,xining,0,CN,1567648666,60,36.62,101.77,60.11,5.32
76,tuatapere,0,NZ,1567648666,73,-46.13,167.69,54.0,3.0
77,bonavista,57,CA,1567648666,75,48.65,-53.11,63.0,4.0
78,atuona,27,PF,1567648666,75,-9.8,-139.03,78.83,12.28
79,sayansk,100,RU,1567648666,90,54.11,102.18,51.63,10.78
80,iqaluit,75,CA,1567648666,86,63.75,-68.52,39.2,4.7
81,tuktoyaktuk,90,CA,1567648667,76,69.44,-133.03,51.8,9.17
82,cayenne,0,GF,1567648667,83,4.94,-52.33,78.8,2.24
83,arlit,8,NE,1567648667,24,18.74,7.39,95.08,6.13
84,rikitea,73,PF,1567648667,73,-23.12,-134.97,72.24,8.21
85,nome,1,US,1567648667,74,30.04,-94.42,87.01,3.36
86,virar,75,IN,1567648573,88,19.47,72.8,80.6,5.82
87,new norfolk,40,AU,1567648667,46,-42.78,147.06,57.99,6.93
88,kruisfontein,100,ZA,1567648668,89,-34.0,24.73,53.2,6.6
89,mehamn,13,NO,1567648668,78,71.03,27.85,46.5,10.42
90,butembo,79,CD,1567648668,95,0.12,29.29,60.47,2.53
91,kapaa,40,US,1567648668,62,22.08,-159.32,89.6,16.11
92,carauari,85,BR,1567648668,70,-4.88,-66.9,78.47,1.43
93,katsuura,75,JP,1567648668,94,33.93,134.5,84.99,5.82
94,christchurch,100,NZ,1567648455,93,-43.53,172.64,52.0,13.87
95,sisimiut,100,GL,1567648669,88,66.94,-53.67,41.25,6.35
96,hambantota,75,LK,1567648669,100,6.12,81.12,77.0,4.7
97,sabang,100,PH,1567648669,74,13.8,121.11,87.01,1.99
98,teguise,0,ES,1567648669,83,29.06,-13.56,71.6,8.05
99,tari,100,NG,1567648670,84,12.41,4.49,76.22,11.07
100,yerbogachen,100,RU,1567648670,90,61.28,108.01,45.17,6.64
101,arraial do cabo,100,BR,1567648670,94,-22.97,-42.02,69.27,12.17
102,east london,100,ZA,1567648500,90,-33.02,27.91,55.21,7.87
103,fortuna,40,US,1567648456,93,40.6,-124.16,64.99,13.87
104,lorengau,100,PG,1567648671,84,-2.02,147.27,81.13,10.33
105,ostrovnoy,0,RU,1567648671,88,68.05,39.51,48.64,15.68
106,saku,75,JP,1567648671,73,36.21,138.45,86.0,4.7
107,komatipoort,73,MZ,1567648671,76,-25.43,31.96,66.0,3.15
108,zhuhai,0,CN,1567648671,43,40.71,112.04,69.8,2.24
109,te anau,44,NZ,1567648671,83,-45.41,167.72,44.94,1.92
110,eyl,30,SO,1567648672,71,7.98,49.82,75.36,30.0
111,clyde river,90,CA,1567648672,75,70.47,-68.59,41.0,6.93
112,barra,75,GM,1567648672,94,13.49,-16.54,78.8,3.36
113,alyangula,0,AU,1567648672,39,-13.85,136.42,84.2,12.75
114,luderitz,0,NA,1567648673,55,-26.65,15.16,62.6,17.22
115,bilibino,0,RU,1567648673,32,68.06,166.44,49.74,4.79
116,kyren,100,RU,1567648673,94,51.68,102.13,44.58,6.2
117,sfantu gheorghe,90,RO,1567648673,87,44.65,26.83,64.99,10.29
118,salina cruz,23,MX,1567648674,79,16.18,-95.2,77.64,3.96
119,carnarvon,100,ZA,1567648406,72,-30.97,22.13,49.02,17.76
120,bambanglipuro,15,ID,1567648674,79,-7.95,110.28,74.65,12.64
121,port alfred,100,ZA,1567648674,95,-33.59,26.89,57.0,4.0
122,ketchikan,20,US,1567648490,67,55.34,-131.65,62.6,11.41
123,padang,49,ID,1567648674,84,-0.92,100.36,80.7,16.82
124,pechenga,100,RU,1567648674,94,58.89,41.46,53.58,5.61
125,sao filipe,0,CV,1567648674,88,14.9,-24.5,78.76,11.92
126,bubaque,93,GW,1567648675,83,11.28,-15.83,79.93,18.79
127,paamiut,17,GL,1567648675,85,61.99,-49.67,42.29,9.17
128,provost,0,CA,1567648675,79,52.35,-110.26,61.51,6.33
129,saint george,0,GR,1567648675,59,39.45,22.34,66.2,0.89
130,lerwick,100,GB,1567648675,76,60.15,-1.15,48.2,24.16
131,sawakin,74,SD,1567648676,44,19.1,37.33,82.47,12.95
132,masumbwe,87,TZ,1567648676,47,-3.65,32.16,66.79,4.16
133,baglan,90,GB,1567648676,81,51.62,-3.81,57.0,10.29
134,empalme,20,MX,1567648676,75,27.96,-110.81,91.0,11.41
135,port hedland,0,AU,1567648676,65,-20.31,118.58,77.0,10.29
136,ahipara,100,NZ,1567648676,100,-35.17,173.16,61.0,46.46
137,kahului,40,US,1567648604,52,20.89,-156.47,89.6,25.28
138,saskylakh,90,RU,1567648677,63,71.97,114.09,36.49,4.85
139,socorro,20,US,1567648677,22,31.65,-106.3,89.6,12.75
140,rio gallegos,0,AR,1567648586,86,-51.62,-69.22,30.2,4.7
141,avarua,98,CK,1567648677,60,-21.21,-159.78,75.2,14.99
142,kodiak,1,US,1567648677,77,39.95,-94.76,70.0,5.82
143,teknaf,0,BD,1567648677,82,20.86,92.31,82.95,18.88
144,west bay,5,CA,1567648677,72,49.34,-123.21,72.0,6.93
145,souillac,75,FR,1567648677,82,45.6,-0.6,59.0,9.17
146,caravelas,2,BR,1567648678,90,-17.73,-39.27,70.03,5.97
147,yenagoa,89,NG,1567648678,94,4.92,6.26,74.38,2.62
148,grenville,75,CA,1567648678,72,45.62,-74.6,61.0,3.31
149,uray,5,RU,1567648678,92,60.13,64.8,49.02,3.58
150,saravena,41,CO,1567648678,96,6.96,-71.88,69.58,3.33
151,cobija,71,BR,1567648679,92,-11.02,-68.77,72.87,3.04
152,san quintin,100,PH,1567648679,80,17.54,120.52,82.23,18.7
153,imbituba,75,BR,1567648679,67,-28.24,-48.67,57.2,12.75
154,the valley,20,AI,1567648550,74,18.22,-63.06,84.2,10.29
155,harlingen,75,NL,1567648454,87,53.18,5.41,60.8,12.75
156,olinda,0,AU,1567648679,63,-37.84,145.39,68.0,8.05
157,monrovia,75,LR,1567648679,94,6.33,-10.8,77.0,7.96
158,okhotsk,0,RU,1567648679,44,59.36,143.24,66.32,12.26
159,hithadhoo,100,MV,1567648680,78,-0.6,73.08,83.28,14.2
160,trelew,16,AR,1567648472,74,-43.25,-65.31,34.5,6.13
161,upernavik,100,GL,1567648680,88,72.79,-56.15,42.34,15.66
162,lusaka,0,ZM,1567648680,38,-15.42,28.28,63.98,7.16
163,nikolskoye,0,RU,1567648680,87,59.7,30.79,55.0,6.71
164,riisipere,20,EE,1567648680,93,59.12,24.31,52.0,5.82
165,lyuban,0,BY,1567648680,89,52.8,28.0,50.64,2.44
166,great bend,1,US,1567648681,58,38.36,-98.78,82.4,10.29
167,hobart,40,AU,1567648544,46,-42.88,147.33,57.99,6.93
168,nemuro,75,JP,1567648681,68,43.32,145.57,69.8,13.87
169,beyneu,0,KZ,1567648681,45,45.32,55.19,59.82,7.87
170,valdivia,0,CL,1567648681,80,-39.81,-73.25,41.0,3.36
171,tabas,0,IR,1567648681,22,33.6,56.92,77.0,4.7
172,talas,0,KG,1567648681,97,42.52,72.24,66.99,1.01
173,grand gaube,75,MU,1567648682,88,-20.01,57.66,72.0,3.36
174,grenfell,0,AU,1567648682,45,-33.9,148.16,71.4,2.13
175,sirjan,0,IR,1567648682,31,29.44,55.67,73.54,5.19
176,mpika,68,ZM,1567648682,60,-11.84,31.4,57.81,6.24
177,antalaha,50,MG,1567648682,98,-14.9,50.28,59.21,4.79
178,aloleng,100,PH,1567648682,79,16.13,119.78,83.58,20.24
179,esperance,90,AU,1567648683,66,-33.86,121.89,50.0,16.11
180,mount gambier,0,AU,1567648628,72,-37.83,140.78,60.8,18.34
181,saldanha,0,PT,1567648683,54,41.42,-6.55,61.78,7.14
182,axim,100,GH,1567648683,91,4.87,-2.24,75.5,10.4
183,lazaro cardenas,90,MX,1567648683,26,28.39,-105.62,84.2,6.93
184,khatanga,100,RU,1567648683,46,71.98,102.47,41.93,12.68
185,antofagasta,90,CL,1567648684,76,-23.65,-70.4,57.2,5.82
186,laguna,40,BZ,1567648684,88,16.17,-88.94,82.4,4.21
187,nizhniy kuranakh,100,RU,1567648684,74,58.84,125.49,53.65,4.85
188,kavieng,81,PG,1567648684,74,-2.57,150.8,82.84,9.44
189,araouane,28,ML,1567648684,26,18.9,-3.53,93.18,12.59
190,ewa beach,20,US,1567648404,52,21.32,-158.01,91.4,12.75
191,kobryn,16,BY,1567648481,78,52.21,24.36,53.56,5.32
192,provideniya,75,RU,1567648684,81,64.42,-173.23,51.8,6.71
193,amapa,20,HN,1567648685,74,15.09,-87.97,84.2,8.05
194,nabire,91,ID,1567648685,54,-3.36,135.5,84.99,4.94
195,pangnirtung,39,CA,1567648685,72,66.15,-65.72,35.18,3.74
196,port lincoln,46,AU,1567648685,65,-34.72,135.86,55.43,26.87
197,pisco,0,PE,1567648685,30,-13.71,-76.2,71.6,13.87
198,alice springs,0,AU,1567648685,9,-23.7,133.88,87.8,18.34
199,puerto asis,31,CO,1567648429,97,0.51,-76.5,71.34,2.3
200,nikki,78,BJ,1567648686,89,9.94,3.21,70.69,5.61
201,isangel,75,VU,1567648686,65,-19.55,169.27,77.0,11.41
202,leshukonskoye,100,RU,1567648686,97,64.9,45.76,51.92,4.81
203,palmer,75,AU,1567648686,72,-34.85,139.16,63.0,9.17
204,warrington,40,GB,1567648686,82,53.39,-2.59,55.99,11.41
205,pochinki,0,RU,1567648687,83,54.7,44.85,48.05,3.69
206,zhigansk,58,RU,1567648687,52,66.77,123.37,50.39,8.34
207,lavrentiya,100,RU,1567648687,93,65.58,-170.99,45.49,7.27
208,guigue,100,VE,1567648687,96,10.09,-67.78,70.44,0.45
209,smithers,40,CA,1567648500,49,54.78,-127.17,68.0,11.41
210,pochutla,40,MX,1567648687,70,15.74,-96.47,86.0,3.36
211,kalangala,20,UG,1567648687,94,-0.32,32.29,68.0,9.17
212,nikolayevka,86,RU,1567648687,59,46.73,38.57,73.43,11.18
213,liwale,65,TZ,1567648688,94,-9.8,37.92,61.71,6.33
214,kasongo,61,CD,1567648688,73,-4.43,26.67,72.6,3.09
215,lianzhou,3,CN,1567648688,60,24.79,112.38,82.3,6.8
216,aripuana,29,BR,1567648688,53,-9.17,-60.63,81.64,1.45
217,aklavik,90,CA,1567648688,93,68.22,-135.01,51.8,3.36
218,itarema,33,BR,1567648689,83,-2.92,-39.92,75.64,9.35
219,ulladulla,90,AU,1567648689,55,-35.36,150.48,66.2,6.93
220,kaitangata,94,NZ,1567648689,62,-46.28,169.85,53.01,17.0
221,nushki,0,PK,1567648689,9,29.55,66.02,79.86,3.13
222,kaka,0,TM,1567648689,32,37.35,59.62,71.92,5.46
223,port-cartier,90,CA,1567648689,100,50.03,-66.88,55.0,5.82
224,codrington,0,AU,1567648690,37,-28.95,153.24,87.01,3.36
225,sokoni,28,CD,1567648690,61,-12.89,28.78,62.01,1.01
226,gat,40,SN,1567648690,94,14.69,-16.54,77.0,8.05
227,gardner,1,US,1567648557,88,38.81,-94.93,75.2,4.7
228,margate,40,AU,1567648690,46,-43.03,147.26,57.99,6.93
229,nouadhibou,79,MR,1567648690,61,20.93,-17.03,78.8,13.87
230,elur,75,IN,1567648690,100,10.07,76.3,77.0,2.24
231,constitucion,90,MX,1567648691,72,23.99,-104.67,63.0,10.29
232,ahvaz,0,IR,1567648691,31,31.32,48.68,78.8,2.24
233,leningradskiy,94,RU,1567648691,91,69.38,178.42,39.21,8.63
234,waingapu,29,ID,1567648691,53,-9.65,120.26,82.16,11.43
235,georgetown,40,GY,1567648443,78,6.8,-58.16,82.4,9.17
236,jalingo,99,NG,1567648691,90,10.3,10.93,74.22,4.99
237,nouakchott,0,MR,1567648691,70,18.08,-15.98,87.8,13.87
238,iwanai,95,JP,1567648692,46,42.97,140.51,76.72,2.59
239,namatanai,100,PG,1567648692,89,-3.66,152.44,76.85,16.6
240,port elizabeth,90,US,1567648692,88,39.31,-74.98,80.6,6.93
241,itoman,75,JP,1567648692,83,26.12,127.67,82.4,18.34
242,adrar,0,DZ,1567648692,25,27.87,-0.29,84.2,9.17
243,zaranj,0,AF,1567648692,23,30.95,61.86,81.15,26.91
244,college,75,US,1567648693,51,64.86,-147.8,62.6,8.05
245,portland,1,US,1567648693,60,43.66,-70.25,70.0,10.29
246,bestobe,100,KZ,1567648693,70,52.5,73.1,50.93,11.54
247,san patricio,99,PY,1567648693,62,-26.98,-56.83,50.17,9.37
248,salalah,90,OM,1567648693,94,17.01,54.1,78.8,2.24
249,dunedin,100,NZ,1567648694,81,-45.87,170.5,51.01,17.0
250,mana,100,NG,1567648694,81,13.03,5.27,77.05,12.12
251,issoire,75,FR,1567648694,82,45.54,3.25,59.0,8.05
252,abomey,100,BJ,1567648694,94,7.18,1.99,73.27,7.14
253,talant,26,FR,1567648694,72,47.34,5.0,60.8,12.75
254,xai-xai,0,MZ,1567648694,62,-25.04,33.64,61.28,3.53
255,saint-pierre,0,FR,1567648694,87,48.95,4.24,48.0,5.82
256,tecpan,40,GT,1567648695,83,14.76,-90.99,69.8,4.7
257,henties bay,0,NA,1567648695,89,-22.12,14.28,55.99,3.74
258,nantucket,90,US,1567648695,94,41.28,-70.1,75.2,5.82
259,staunton,1,US,1567648695,78,38.15,-79.07,80.01,2.51
260,lowestoft,53,GB,1567648695,87,52.48,1.75,54.0,17.22
261,bulawayo,0,ZW,1567648696,33,-20.16,28.59,53.22,5.84
262,sitka,0,US,1567648696,52,37.17,-99.65,80.01,11.01
263,waddan,0,LY,1567648696,68,29.16,16.14,70.42,4.38
264,norman wells,75,CA,1567648696,82,65.28,-126.83,55.4,10.29
265,conceicao da barra,1,BR,1567648696,97,-18.59,-39.73,67.4,2.73
266,osypenko,75,UA,1567648696,82,48.04,34.39,61.0,6.71
267,noumea,40,NC,1567648540,47,-22.28,166.46,75.2,11.41
268,la ronge,75,CA,1567648697,82,55.1,-105.3,57.2,10.29
269,saint-michel-des-saints,0,CA,1567648697,8,46.68,-73.92,53.01,1.01
270,tokmak,100,UA,1567648697,91,47.26,35.7,59.91,5.28
271,ikwiriri,74,TZ,1567648697,86,-7.96,38.99,72.12,1.88
272,marsh harbour,0,BS,1567648697,81,26.54,-77.06,84.0,23.26
273,lompoc,75,US,1567648698,87,34.64,-120.46,82.0,9.17
274,evensk,88,RU,1567648698,59,61.92,159.24,52.75,13.58
275,banda aceh,100,ID,1567648546,79,5.56,95.32,82.39,14.65
276,fairfield,1,US,1567648698,22,38.25,-122.04,96.8,6.93
277,moussoro,17,TD,1567648698,69,13.64,16.49,81.55,11.25
278,barcelos,84,BR,1567648468,69,-0.97,-62.93,79.14,1.16
279,buraydah,40,SA,1567648698,25,26.33,43.97,87.8,12.75
280,doha,0,QA,1567648550,56,25.29,51.53,93.2,5.82
281,kiunga,98,PG,1567648699,67,-6.12,141.3,82.21,2.46
282,yar-sale,26,RU,1567648699,79,66.83,70.83,52.12,11.16
283,morgan city,1,US,1567648699,88,29.7,-91.21,84.99,2.91
284,olga,1,US,1567648699,48,34.11,-118.17,89.6,8.05
285,huarmey,0,PE,1567648699,92,-10.07,-78.15,60.2,11.48
286,ridgecrest,75,US,1567648699,13,35.62,-117.67,102.2,11.41
287,monforte de lemos,0,ES,1567648700,88,42.52,-7.51,57.0,1.99
288,sao jose da coroa grande,58,BR,1567648700,95,-8.9,-35.15,69.65,3.33
289,bay roberts,90,CA,1567648700,100,47.58,-53.28,64.0,11.41
290,naron,90,ES,1567648700,77,43.52,-8.15,64.0,5.82
291,byron bay,0,AU,1567648700,50,-28.65,153.62,87.01,11.41
292,uige,8,AO,1567648701,90,-7.61,15.06,65.78,2.1
293,sola,31,TZ,1567648701,55,-3.17,33.8,66.23,1.77
294,novyy urgal,100,RU,1567648701,89,51.07,132.56,68.35,11.59
295,aykhal,90,RU,1567648701,100,65.95,111.51,37.4,6.71
296,dikson,100,RU,1567648701,99,73.51,80.55,43.3,19.86
297,hohhot,0,CN,1567648677,43,40.81,111.65,69.8,2.24
298,mopti,94,ML,1567648701,65,14.49,-4.19,81.75,4.65
299,longyearbyen,90,NO,1567648702,86,78.22,15.63,30.2,2.93
300,kavaratti,100,IN,1567648702,79,10.57,72.64,82.66,18.5
301,srednekolymsk,94,RU,1567648702,38,67.46,153.71,59.79,10.51
302,road town,1,VG,1567648702,78,18.42,-64.62,84.2,11.41
303,gatehouse of fleet,29,GB,1567648702,90,54.88,-4.18,46.0,6.22
304,szydlowiec,0,PL,1567648702,84,51.23,20.86,57.99,3.0
305,poum,0,MK,1567648702,62,41.28,20.71,55.02,3.38
306,sehithwa,0,BW,1567648703,31,-20.47,22.7,62.05,6.98
307,severo-kurilsk,1,RU,1567648703,93,50.68,156.12,49.9,15.52
308,thompson,20,CA,1567648703,65,55.74,-97.86,46.4,3.94
309,russell,1,US,1567648703,61,38.9,-98.86,82.4,8.05
310,oranjemund,8,ZA,1567648703,89,-28.55,16.43,55.86,22.55
311,bhadasar,57,IN,1567648703,49,28.3,74.31,94.47,4.59
312,cabo san lucas,5,MX,1567648518,58,22.89,-109.91,87.8,17.22
313,kapit,25,MY,1567648584,46,2.02,112.94,93.88,0.94
314,klaksvik,0,FO,1567648704,87,62.23,-6.59,42.8,1.12
315,micheweni,11,TZ,1567648704,78,-4.97,39.83,77.05,10.85
316,bumba,41,CD,1567648704,98,2.18,22.47,68.46,1.21
317,demidov,14,RU,1567648704,90,55.27,31.52,46.84,1.79
318,bandarbeyla,78,SO,1567648705,66,9.49,50.81,76.67,26.89
319,reftinskiy,90,RU,1567648705,100,57.09,61.68,51.8,4.47
320,bambous virieux,75,MU,1567648705,88,-20.34,57.76,72.0,3.36
321,hami,44,CN,1567648705,11,42.84,93.51,87.22,2.62
322,tomatlan,100,MX,1567648705,82,19.93,-105.25,81.53,7.0
323,mohgaon,100,IN,1567648705,87,21.65,78.72,79.23,7.58
324,alofi,100,NU,1567648706,88,-19.06,-169.92,77.62,23.69
325,rantepao,56,ID,1567648706,51,-2.97,119.9,77.17,4.05
326,romitan,0,UZ,1567648706,62,39.93,64.38,59.0,6.93
327,bethel,90,US,1567648706,76,60.79,-161.76,55.4,12.75
328,nsanje,0,MZ,1567648706,94,-16.92,35.26,59.84,3.78
329,along,100,IN,1567648706,92,28.17,94.8,62.14,1.05
330,lichinga,91,MZ,1567648707,51,-13.3,35.25,65.82,6.24
331,lima,90,PE,1567648493,87,-12.06,-77.04,60.8,10.29
332,maun,0,BW,1567648707,34,-19.99,23.42,64.4,10.29
333,nevsehir,0,TR,1567648707,54,38.62,34.71,59.0,9.17
334,bandundu,26,CD,1567648707,81,-3.32,17.38,74.2,0.72
335,tarko-sale,100,RU,1567648707,94,64.92,77.78,48.0,4.63
336,naze,98,NG,1567648707,96,5.43,7.07,74.24,3.69
337,kamenka,0,MD,1567648708,91,48.03,28.7,46.0,3.0
338,chuy,3,UY,1567648708,73,-33.69,-53.46,43.15,10.83
339,chokurdakh,79,RU,1567648708,45,70.62,147.9,50.26,9.86
340,ust-charyshskaya pristan,100,RU,1567648708,51,52.39,83.67,55.54,3.15
341,vila velha,40,BR,1567648708,78,-3.71,-38.6,79.0,12.75
342,syamzha,100,RU,1567648708,97,60.02,41.06,52.78,2.91
343,puhja,78,EE,1567648709,100,58.34,26.31,51.01,1.12
344,vilhena,62,BR,1567648709,33,-12.74,-60.15,84.64,1.16
345,itaquyry,100,PY,1567648709,50,-24.93,-55.22,63.73,7.94
346,havre-saint-pierre,90,CA,1567648709,93,50.23,-63.6,57.2,8.05
347,brunico,0,IT,1567648709,93,46.8,11.94,55.0,1.12
348,douentza,100,ML,1567648709,63,15.01,-2.95,81.8,5.99
349,ayr,11,AU,1567648710,22,-19.58,147.4,84.99,8.46
350,horki,10,BY,1567648710,87,54.29,30.98,48.99,0.56
351,mayumba,14,GA,1567648710,88,-3.44,10.65,72.66,5.26
352,alta floresta,23,BR,1567648710,35,-9.87,-56.08,79.89,3.89
353,angoche,100,MZ,1567648710,95,-16.23,39.91,64.9,3.33
354,ust-nera,100,RU,1567648710,55,64.57,143.24,46.99,6.06
355,lac-megantic,90,CA,1567648711,82,45.58,-70.88,57.2,13.87
356,bilma,0,NE,1567648711,18,18.69,12.92,92.73,7.36
357,severo-yeniseyskiy,87,RU,1567648711,78,60.37,93.04,48.97,2.8
358,moree,0,AU,1567648711,9,-29.46,149.84,86.0,16.11
359,salinopolis,0,BR,1567648711,77,-0.61,-47.36,80.83,18.21
360,zhangjiakou,0,CN,1567648711,38,40.77,114.88,73.2,1.95
361,nanortalik,0,GL,1567648712,90,60.14,-45.24,40.99,1.83
362,tecoanapa,20,MX,1567648712,74,16.99,-99.26,84.2,5.82
363,oistins,40,BB,1567648598,78,13.07,-59.53,82.4,13.87
364,hualmay,0,PE,1567648712,91,-11.1,-77.61,60.42,12.1
365,ancud,0,CL,1567648712,74,-41.87,-73.83,35.6,4.7
366,roald,100,NO,1567648713,87,62.58,6.12,50.0,10.29
367,sumenep,78,ID,1567648713,35,-7.02,113.87,87.97,7.18
368,port macquarie,0,AU,1567648713,53,-31.43,152.91,81.0,11.41
369,hovd,90,NO,1567648713,93,63.83,10.7,53.01,4.7
370,cordeiro,36,BR,1567648713,95,-22.03,-42.36,66.79,0.74
371,isla mujeres,40,MX,1567648713,78,21.23,-86.73,82.4,5.82
372,monkey bay,76,MW,1567648714,51,-14.08,34.91,68.35,9.06
373,paracuru,40,BR,1567648714,78,-3.41,-39.03,79.0,12.75
374,amazar,0,RU,1567648714,54,53.86,120.88,69.81,1.23
375,namibe,30,AO,1567648714,86,-15.19,12.15,63.62,4.14
376,balkanabat,0,TM,1567648714,36,39.51,54.36,71.61,12.59
377,tual,85,ID,1567648715,85,-5.67,132.75,76.87,17.87
378,emerald,0,AU,1567648715,10,-23.53,148.16,89.01,10.29
379,lasa,20,CY,1567648715,83,34.92,32.53,73.4,6.93
380,bristol,75,GB,1567648482,71,51.45,-2.6,57.0,10.29
381,meadow lake,0,CA,1567648715,86,54.13,-108.44,57.9,4.79
382,bulembu,19,SZ,1567648715,67,-25.95,31.13,66.0,3.36
383,san pedro,0,AR,1567648716,59,-33.68,-59.66,43.0,1.01
384,aljezur,0,PT,1567648716,48,37.31,-8.8,77.0,11.52
385,santiago del estero,92,AR,1567648716,44,-27.8,-64.26,47.67,1.61
386,puerto escondido,40,MX,1567648716,70,15.86,-97.07,86.0,3.36
387,quelimane,0,MZ,1567648716,95,-17.88,36.89,60.83,1.66
388,faanui,0,PF,1567648716,81,-16.48,-151.75,78.07,22.93
389,pascagoula,1,US,1567648679,88,30.37,-88.56,84.99,3.51
390,san cristobal,100,HN,1567648717,70,14.68,-86.92,69.09,6.55
391,filadelfia,97,PY,1567648717,62,-22.35,-60.04,62.0,7.34
392,kangaatsiaq,86,GL,1567648717,80,68.31,-53.46,43.28,9.55
393,mahajanga,20,MG,1567648717,64,-15.72,46.32,69.8,6.93
394,rybnaya sloboda,0,RU,1567648717,93,55.46,50.14,41.0,4.47
395,sapa,75,PH,1567648718,74,14.32,120.76,88.0,12.75
396,ellensburg,1,US,1567648642,24,47.0,-120.55,84.99,4.76
397,kuna,1,US,1567648625,24,43.49,-116.42,95.0,4.7
398,solnechnyy,84,RU,1567648718,87,50.72,136.64,71.5,3.24
399,sinnar,100,IN,1567648718,87,19.85,74.0,75.37,11.03
400,vagamo,100,NO,1567648718,96,61.88,9.1,35.59,11.92
401,hofn,0,IS,1567648718,75,64.25,-15.21,29.6,2.62
402,panguipulli,0,CL,1567648719,80,-39.64,-72.33,48.99,3.36
403,pine bluff,1,US,1567648719,78,34.23,-92.0,84.2,2.77
404,marseille,0,FR,1567648671,72,43.3,5.37,72.0,6.93
405,cururupu,29,BR,1567648719,97,-1.82,-44.87,71.36,2.17
406,teya,40,MX,1567648719,74,21.05,-89.07,86.0,6.93
407,nakamura,75,JP,1567648719,78,35.17,136.87,84.99,3.36
408,coracao de maria,20,BR,1567648719,88,-15.26,-39.35,75.2,3.36
409,bushehr,0,IR,1567648720,49,28.97,50.84,89.6,2.24
410,mandeville,1,US,1567648720,83,30.36,-90.07,91.4,5.17
411,necochea,6,AR,1567648720,62,-38.55,-58.74,43.0,5.99
412,grindavik,90,IS,1567648720,100,63.84,-22.43,50.0,8.05
413,estacion coahuila,1,MX,1567648720,24,32.19,-115.0,107.6,12.75
414,carquefou,0,FR,1567648720,81,47.3,-1.49,57.0,6.93
415,coahuayana,94,MX,1567648721,92,18.62,-100.35,72.28,2.89
416,goderich,17,CA,1567648721,76,43.74,-81.71,63.0,1.99
417,kargil,0,PK,1567648721,35,34.56,76.13,50.48,5.21
418,kiama,90,AU,1567648721,55,-34.67,150.86,66.2,6.93
419,balaguer,0,ES,1567648721,72,41.79,0.81,64.99,8.05
420,beringovskiy,100,RU,1567648722,90,63.05,179.32,45.42,2.59
421,kenai,1,US,1567648604,62,60.55,-151.26,63.0,13.87
422,santa cruz,15,BR,1567648613,86,-6.22,-36.02,69.85,16.15
423,peace river,90,CA,1567648722,87,56.23,-117.29,55.4,14.99
424,biak,98,ID,1567648722,54,-0.91,122.88,77.17,3.49
425,shubarshi,0,KZ,1567648722,69,48.59,57.19,53.29,7.27
426,huilong,88,CN,1567648722,74,31.15,106.5,76.49,3.71
427,bintulu,75,MY,1567648722,83,3.17,113.03,82.4,1.21
428,palu,0,ID,1567648556,64,-0.9,119.87,84.45,5.35
429,jermuk,0,AM,1567648723,83,39.84,45.67,43.32,2.1
430,port-gentil,98,GA,1567648723,87,-0.72,8.78,75.64,16.04
431,saltillo,90,MX,1567648448,93,25.42,-100.99,66.99,1.88
432,ozu,75,JP,1567648723,74,33.51,132.54,84.2,8.05
433,corinth,0,GR,1567648723,42,37.94,22.93,80.6,10.29
434,papara,40,BR,1567648723,78,-3.98,-38.73,79.0,12.75
435,dali,57,CN,1567648724,50,34.79,109.94,77.39,7.72
436,kurilsk,100,RU,1567648724,82,45.23,147.88,61.26,16.33
437,lata,34,IN,1567648724,84,30.78,78.62,48.45,4.18
438,kargopol,14,RU,1567648724,98,61.51,38.95,46.56,3.0
439,muros,75,ES,1567648724,87,42.77,-9.06,66.99,12.75
440,umm kaddadah,100,SD,1567648725,74,13.6,26.69,75.09,21.56
441,ust-ilimsk,87,RU,1567648725,77,57.96,102.73,54.28,10.02
442,vanderhoof,69,CA,1567648725,55,54.02,-124.02,58.83,3.02
443,coquimbo,90,CL,1567648725,87,-29.95,-71.34,53.6,6.93
444,santa isabel do rio negro,42,BR,1567648725,79,-0.41,-65.02,76.9,1.79
445,jiaohe,65,CN,1567648725,63,43.72,127.34,75.79,6.04
446,saint anthony,1,US,1567648726,18,43.97,-111.68,89.6,11.41
447,vila,0,IT,1567648726,100,45.18,8.4,70.0,5.82
448,portree,63,GB,1567648726,91,57.41,-6.19,46.99,13.33
449,san jeronimo,1,PE,1567648726,94,-13.65,-73.37,45.8,1.79
450,comodoro rivadavia,0,AR,1567648726,69,-45.87,-67.48,33.8,4.7
451,bismarck,1,US,1567648485,73,46.81,-100.78,73.4,14.99
452,saryozek,0,KZ,1567648727,34,44.36,77.98,68.68,6.38
453,tamiahua,8,MX,1567648727,81,21.28,-97.45,84.21,14.45
454,mier,0,IT,1567648727,77,46.13,12.19,68.0,3.36
455,belousovka,75,KZ,1567648727,87,50.13,82.52,46.4,2.24
456,rapid valley,1,US,1567648727,64,44.06,-103.15,84.2,11.41
457,damara,20,CF,1567648727,100,4.96,18.7,71.6,1.7
458,jamkhed,100,IN,1567648728,82,18.74,75.31,73.84,17.02
459,hamilton,20,CA,1567648540,82,43.26,-79.87,64.99,4.7
460,maldonado,75,UY,1567648705,70,-34.91,-54.96,44.6,13.87
461,nipawin,75,CA,1567648728,77,53.36,-104.02,60.8,11.41
462,matara,77,BI,1567648728,69,-3.48,29.48,51.92,1.54
463,danielskuil,31,ZA,1567648728,36,-28.19,23.54,48.45,3.42
464,daesti,75,RO,1567648728,80,44.97,24.13,57.07,4.41
465,touros,75,BR,1567648729,94,-5.2,-35.46,73.4,4.7
466,madison heights,1,US,1567648729,72,42.49,-83.11,66.0,4.7
467,kulhudhuffushi,92,MV,1567648729,79,6.62,73.07,81.94,8.21
468,kargasok,0,RU,1567648729,70,59.06,80.87,53.49,3.71
469,hit,0,IQ,1567648729,27,33.64,42.83,77.46,3.2
470,muhos,77,FI,1567648729,100,64.81,26.0,46.99,5.82
471,fairbanks,75,US,1567648560,48,64.84,-147.72,62.6,11.41
472,komsomolskiy,50,RU,1567648730,77,67.55,63.78,50.89,11.45
473,nanlong,100,CN,1567648730,85,31.35,106.05,70.46,4.9
474,inhambane,0,MZ,1567648730,90,-23.87,35.38,59.21,4.72
475,razole,100,IN,1567648730,95,16.48,81.84,74.55,11.54
476,mayo,75,CA,1567648730,39,63.59,-135.9,62.6,9.17
477,manono,90,CD,1567648731,45,-7.3,27.4,72.37,2.46
478,jian,20,IN,1567648731,65,25.65,87.89,89.04,10.31
479,buala,41,SB,1567648731,82,-8.15,159.59,80.74,12.71
480,lakatoro,100,VU,1567648731,57,-16.11,167.42,74.85,12.59
481,gigmoto,68,PH,1567648731,73,13.78,124.39,84.61,6.6
482,anadyr,75,RU,1567648731,81,64.73,177.51,46.4,4.47
483,wuwei,14,CN,1567648731,39,37.93,102.64,78.01,1.01
484,matamoros,1,US,1567648732,88,25.87,-97.51,84.2,11.41
485,hayden,1,US,1567648732,25,47.77,-116.79,84.2,3.36
486,qarqin,0,AF,1567648732,22,37.41,66.03,78.22,8.16
487,san juan,6,AR,1567648732,36,-31.54,-68.53,33.85,2.1
488,qasigiannguit,100,GL,1567648732,86,68.82,-51.19,39.2,2.28
489,yeppoon,0,AU,1567648733,9,-23.13,150.74,89.6,5.82
490,kibala,20,TD,1567648733,88,9.11,18.35,73.4,0.31
491,nefteyugansk,0,RU,1567648733,100,61.09,72.61,50.0,2.24
492,tateyama,75,JP,1567648733,66,36.66,137.31,90.0,3.36
493,kjollefjord,19,NO,1567648733,75,70.95,27.35,49.15,10.78
494,peleduy,97,RU,1567648733,88,59.63,112.75,52.23,6.08
495,ngaoundere,100,CM,1567648734,97,7.32,13.58,64.88,3.76
496,yulara,0,AU,1567648734,19,-25.24,130.99,78.8,6.93
497,pizarro,100,CO,1567648734,80,4.95,-77.37,78.78,6.55
498,vanimo,100,PG,1567648734,77,-2.67,141.3,78.22,3.96
499,saint-joseph,0,FR,1567648734,82,43.56,6.97,73.4,3.36
500,honningsvag,96,NO,1567648734,79,70.98,25.97,48.63,12.66
501,portlethen,75,GB,1567648735,76,57.05,-2.13,48.2,19.46
502,holme,0,DK,1567648735,93,56.11,10.17,53.6,6.93
503,makaha,20,US,1567648735,55,21.47,-158.22,89.6,10.29
504,annau,75,TM,1567648735,48,37.89,58.52,66.2,9.17
505,lethem,80,GY,1567648735,70,3.38,-59.8,80.59,4.32
506,mariakani,56,KE,1567648736,96,-3.87,39.47,67.83,6.15
507,riyadh,0,SA,1567648736,29,24.63,46.72,87.8,2.04
508,zlobin,0,HR,1567648736,46,45.29,14.65,69.8,10.29
509,maroua,100,CM,1567648736,85,10.6,14.33,72.31,2.77
510,bara,99,NG,1567648736,90,10.41,10.6,74.22,4.99
511,luau,83,CD,1567648736,37,-10.7,22.23,66.55,2.46
512,teruel,0,ES,1567648736,81,40.34,-1.11,66.2,12.75
513,haines junction,0,CA,1567648737,53,60.75,-137.51,51.42,6.49
514,westport,1,US,1567648737,100,41.14,-73.36,77.0,5.66
515,tortoli,5,IT,1567648737,56,39.93,9.66,69.8,13.87
516,rawson,16,AR,1567648737,74,-43.3,-65.11,34.5,6.13
517,sangar,72,RU,1567648738,43,63.92,127.47,55.68,4.09
518,kuchera,98,IN,1567648738,55,26.99,73.97,91.14,7.16
519,elliot lake,1,CA,1567648738,71,46.37,-82.65,57.2,11.41
520,northam,0,AU,1567648738,61,-31.65,116.67,50.0,11.41
521,show low,1,US,1567648738,36,34.25,-110.03,87.8,10.29
522,boa vista,0,BR,1567648738,74,2.82,-60.67,80.6,3.36
523,minsk,0,BY,1567648738,100,53.9,27.56,46.4,2.24
524,diu,100,IN,1567648739,97,20.71,70.98,77.32,7.49
525,khiri mat,20,TH,1567648739,78,16.83,99.8,89.01,3.36
526,neuquen,0,AR,1567648739,36,-38.95,-68.06,44.6,13.87
527,markova,90,RU,1567648739,100,52.21,104.21,55.4,8.95
528,aviles,90,ES,1567648739,93,43.55,-5.92,62.01,3.36
529,surenavan,40,AM,1567648739,48,39.75,44.8,66.2,4.7
530,nazret,85,ET,1567648740,83,8.55,39.27,59.61,5.48
531,camacha,40,PT,1567648740,78,33.08,-16.33,73.4,10.29
532,jovellar,87,PH,1567648740,74,13.07,123.6,84.01,9.44
533,tra vinh,100,VN,1567648740,85,9.93,106.35,78.78,7.7
534,la paz,40,MX,1567648740,26,24.15,-110.32,95.0,11.41
535,pervomayskoye,3,RU,1567648740,83,57.07,86.23,51.09,3.4
536,millinocket,40,US,1567648740,93,45.66,-68.71,66.0,3.36
537,cedar city,75,US,1567648628,31,37.68,-113.06,78.8,11.41
538,roma,0,IT,1567648498,68,41.89,12.48,71.01,4.7
539,ozinki,0,RU,1567648741,82,51.2,49.73,50.82,6.35
540,tiwi,77,PH,1567648741,67,13.46,123.68,85.36,9.73
541,minamiashigara,90,JP,1567648741,78,35.32,139.1,89.01,3.36
542,graneros,85,AR,1567648741,71,-27.65,-65.44,45.51,2.98
543,eureka,90,US,1567648741,87,40.8,-124.16,64.99,6.93
544,avera,1,US,1567648742,65,33.19,-82.53,84.2,6.93
545,parit buntar,75,MY,1567648742,74,5.13,100.49,84.2,6.93
546,ahuimanu,40,US,1567648742,52,21.44,-157.84,89.6,14.99
547,moose factory,75,CA,1567648742,93,51.26,-80.61,48.2,3.36
548,sete,98,NP,1567648742,88,27.58,86.44,70.39,1.97
549,shakawe,0,BW,1567648743,34,-18.36,21.84,61.78,4.25
550,karratha,36,AU,1567648743,20,-20.74,116.85,83.37,7.99
551,ngunguru,42,NZ,1567648743,80,-35.62,174.5,63.0,11.99
552,surab,2,PK,1567648743,8,28.49,66.26,78.69,3.98
553,los llanos de aridane,2,ES,1567648743,60,28.66,-17.92,71.6,5.82
554,jacqueville,40,CI,1567648743,100,5.21,-4.42,75.2,5.82
555,santa cruz del sur,100,CU,1567648744,87,20.71,-78.0,78.04,4.18
556,onega,4,RU,1567648744,89,63.91,38.09,50.89,6.85
557,omboue,100,GA,1567648744,87,-1.57,9.26,74.6,13.27
558,rocha,1,UY,1567648744,88,-34.48,-54.34,34.6,3.53
559,manzhouli,91,CN,1567648744,73,49.6,117.43,66.46,8.23
560,dong xoai,65,VN,1567648744,79,11.53,106.92,83.28,16.4
561,fort nelson,40,CA,1567648745,39,58.81,-122.69,66.2,8.05
562,flinders,90,AU,1567648745,55,-34.58,150.85,73.0,6.93
563,north bend,1,US,1567648745,77,43.41,-124.22,66.99,26.4
564,halifax,90,CA,1567648679,100,44.65,-63.58,68.0,14.99
565,ilulissat,100,GL,1567648745,86,69.22,-51.1,39.2,3.65
566,mackay,75,CA,1567648745,77,53.65,-115.58,64.4,9.17
567,vostok,78,RU,1567648746,51,46.45,135.83,76.65,8.32
568,kushikino,75,JP,1567648746,74,31.72,130.27,84.2,10.29
569,killin,1,US,1567648746,62,33.61,-91.74,84.2,2.73
570,abbeville,75,FR,1567648746,72,50.11,1.83,59.0,17.22
571,broken hill,0,AU,1567648746,8,-31.97,141.45,82.4,17.22
